horizontal velocity [m/s],vertical velocity [m/s],airspeed [m/s],Cw [0.5],Ca [0.5]
8.305555556,0.95,8.359710108239549,0.06174982203837034,0.5398595552766294
10.425,1.03,10.475758922388392,0.034022521401116,0.34435416078314013
11.80555556,1.21,11.867402499293892,0.027491859205823196,0.26822865396863077
11.92777778,1.23,11.99102926228861,0.027090778206797082,0.2627095791365386
14.43055556,1.77,14.538701240834648,0.02187168222593083,0.17831668110280186
15.41111111,2.06,15.548181425644783,0.02081201734966953,0.155697238737381
