horizontal velocity [m/s],vertical velocity [m/s]
8.305555556,-0.95
10.425,-1.03
11.92777778,-1.23
11.80555556,-1.21
14.43055556,-1.77
15.41111111,-2.06